{

  "white": {
    "param" : [0, 1, 2, 3, 4],
    "mean_norm" : [0, 0, 0, 0, 0, 0, 0],
    "std_norm" : [1, 1.4196312427520752, 2.240023136138916, 3.165196418762207, 4.125258922576904]
  },

  "saltpepper": {
    "param": [0.2, 0.4, 0.6, 0.8, 0.9],
    "mean_norm" : [0.10463007539510727, 0.20378220081329346, 0.3023429214954376, 0.4011613130569458, 0.450039267539978,  0.4505980908870697],
    "std_norm" : [0.9494646787643433, 0.8764885663986206, 0.7841111421585083, 0.6648527383804321, 0.5904189348220825, 0.5901321172714233]
  },

  "gaussian":{
    "param": [1, 2, 3, 4],
    "mean_norm" : [0.0060006496496498585, 0.007249530404806137, 0.010520648211240768, 0.014909403398633003],
    "std_norm" : [0.7933638095855713, 0.6024983525276184, 0.48043107986450195, 0.38883176445961]
  }

}